{"region1": [[3.6629313319304977, 3.554764357912344], [3.6843968422648006, 3.484057287205273], [3.691076006700003, 3.413350216498202], [3.684513279051281, 3.342643145791131], [3.6658356805483088, 3.27193607508406], [3.635767329759607, 3.201229004376991], [3.625471428619415, 3.183159242879585], [3.5923497650087, 3.13052193366992], [3.554764357912344, 3.0819986079173822], [3.5336971714781384, 3.059814862962849], [3.484057287205273, 3.0141076315712203], [3.4454417098040784, 2.989107792255778], [3.413350216498202, 2.9697191168745083], [3.342643145791131, 2.9456242544992355], [3.27193607508406, 2.93859523032278], [3.201229004376991, 2.9466206673521933], [3.13052193366992, 2.97010800259579], [3.097471058867023, 2.989107792255778], [3.059814862962849, 3.0208212776130194], [3.0307415640274833, 3.059814862962849], [3.003884069673477, 3.13052193366992], [2.9943599603421465, 3.201229004376991], [2.9961584479700556, 3.27193607508406], [3.0074296416181263, 3.342643145791131], [3.0280897368644606, 3.413350216498202], [3.0587200441653297, 3.484057287205273], [3.059814862962849, 3.4859907877867897], [3.103424370688763, 3.554764357912344], [3.13052193366992, 3.589968349720066], [3.1639146947216052, 3.625471428619415], [3.201229004376991, 3.6609981863148815], [3.2517382175043013, 3.6961784993264857], [3.27193607508406, 3.7097332742837104], [3.342643145791131, 3.738409438281523], [3.413350216498202, 3.7472967808262734], [3.484057287205273, 3.734588057483016], [3.554764357912344, 3.6973554491243545], [3.556180525838737, 3.696178499326486], [3.6246403703842685, 3.625471428619415], [3.625471428619415, 3.6242738081348844], [3.6629313319304977, 3.554764357912344]], "region2": [[2.5324500993528867, 2.4941582973062832], [2.5491188691429087, 2.4234512265992123], [2.5486970373037856, 2.3527441558921414], [2.539967285745224, 2.2820370851850704], [2.5264251075575745, 2.2113300144780013], [2.5096291539800393, 2.1406229437709285], [2.4941582973062832, 2.084318586921433], [2.490043842290247, 2.0699158730638594], [2.467520304120372, 1.9992088023567884], [2.4435579905254787, 1.9285017316497175], [2.4234512265992123, 1.8722995590651819], [2.4177901963245714, 1.8577946609426463], [2.3893962489776075, 1.7870875902355756], [2.3601069055766333, 1.7163805195285065], [2.3527441558921414, 1.698601623745982], [2.327567617750284, 1.6456734488214333], [2.2936745330701225, 1.5749663781143646], [2.2820370851850704, 1.5502541019429914], [2.2555289618358394, 1.5042593074072936], [2.2150141505543557, 1.4335522367002227], [2.2113300144780013, 1.426825230733462], [2.1641415625714266, 1.3628451659931518], [2.1406229437709285, 1.3301942287228135], [2.0975690298857965, 1.2921380952860808], [2.0699158730638594, 1.2667055252178563], [1.9992088023567884, 1.2371406472444315], [1.928501731649717, 1.237515119376584], [1.8577946609426466, 1.2613973891715933], [1.807463113827636, 1.2921380952860808], [1.7870875902355756, 1.3034161046880488], [1.7163805195285065, 1.3585973839825658], [1.7119970608103108, 1.3628451659931518], [1.6456734488214335, 1.425770209912815], [1.6386778601278715, 1.4335522367002227], [1.5772647879338626, 1.5042593074072936], [1.5749663781143646, 1.5071220138736572], [1.5264695167550164, 1.5749663781143646], [1.5042593074072936, 1.6111902339404645], [1.4844672087232131, 1.6456734488214335], [1.4519303251366522, 1.7163805195285065], [1.4335522367002227, 1.7731321531871125], [1.4290470842268574, 1.7870875902355756], [1.4165079516234549, 1.8577946609426463], [1.4158272187387055, 1.9285017316497173], [1.4286905131744465, 1.9992088023567884], [1.4335522367002227, 2.011491452862302], [1.4559354841008196, 2.0699158730638594], [1.4999107068815691, 2.140622943770929], [1.5042593074072936, 2.145629001534668], [1.5606170081638635, 2.2113300144780013], [1.5749663781143646, 2.224225355207852], [1.6395805473568041, 2.2820370851850704], [1.6456734488214335, 2.2865106217158804], [1.7163805195285065, 2.337780153869626], [1.737726674261737, 2.3527441558921414], [1.7870875902355756, 2.3826500161415956], [1.8577946609426463, 2.4233327414838772], [1.8580142059909808, 2.4234512265992123], [1.9285017316497173, 2.457762722733208], [1.9992088023567884, 2.4895019117991124], [2.0108761713454366, 2.4941582973062832], [2.0699158730638594, 2.516252864858066], [2.1406229437709285, 2.5392655040005714], [2.2113300144780013, 2.558595353585961], [2.243493997432097, 2.564865368013354], [2.2820370851850704, 2.572252573904071], [2.3527441558921414, 2.5786386898396803], [2.4234512265992123, 2.5744736820169307], [2.4557857201290987, 2.564865368013354], [2.4941582973062832, 2.5444862746185106], [2.5324500993528867, 2.4941582973062832]]}